chr1,chr2,chr3,chr4,chr5,chr6,chr7,chr8,chr9,chr10,chr11,chr12,chr13,chr14
86.573226,88.521977,90.0,78.082717,90.0,87.42992,90.0,90.0,86.337242,90.0,59.331429,90.0,90.0,90.0
84.709203,87.349686,89.162768,77.359661,88.508745,84.530963,88.974831,88.087674,85.680604,89.377482,57.984698,88.708604,89.366208,87.579732
82.84518,87.349686,88.325535,76.688251,86.165345,81.539239,87.437079,85.628968,84.317667,87.91988,58.094885,88.278138,88.732415,86.268753
80.613862,85.842455,87.934827,75.23353,84.177005,79.86944,87.334562,84.426934,83.858572,87.043041,58.866194,88.13465,88.610532,85.141128
79.952731,83.631849,87.327058,74.114514,82.188666,79.45199,86.719461,84.306731,83.590767,85.765362,58.976382,86.822755,88.312596,84.679077
81.715748,81.521726,87.109998,74.674022,80.200326,78.292407,85.181708,83.184833,82.251741,84.36242,57.415398,84.936907,87.344302,84.217025
81.164805,79.059915,87.109998,74.897825,79.135144,75.39345,84.962029,81.221511,80.912715,82.759058,55.165744,84.034979,86.408018,82.484333
78.850846,78.239311,85.866835,73.629607,77.359841,72.958326,85.254934,78.456834,80.060608,81.406221,53.719539,83.850494,85.947078,80.798789
78.630469,78.473769,83.451547,73.032799,74.41791,71.010227,84.024732,75.692156,80.164947,80.028331,52.851815,82.386911,84.679494,79.242902
79.732354,77.898281,82.279421,72.649136,71.475979,69.459699,82.111084,73.528495,79.782369,77.698445,51.694851,81.78426,82.720499,77.859892
80.693999,76.267731,81.30265,71.689979,69.345615,68.266986,80.744193,70.905876,78.252053,76.66294,50.923541,80.923329,81.184033,76.476881
81.325079,74.157608,79.674699,71.297597,67.925372,66.328826,79.874353,67.922647,76.052225,75.971013,51.309196,78.893992,81.051993,74.791337
80.994514,72.575015,78.372337,70.076852,65.937033,63.893702,78.01041,65.959325,75.215334,74.428818,51.519553,77.29512,80.76905,73.883736
79.275572,70.359385,76.883924,68.245735,63.593632,61.173953,75.307693,64.416715,75.717468,73.495042,51.987014,76.43419,79.561827,73.883736
77.308707,67.164056,75.558307,67.02499,62.954523,59.323891,72.604976,63.15458,74.378442,72.943886,52.147703,75.286282,78.082978,73.105793
75.341841,64.250075,76.046692,66.14758,62.19706,58.106329,69.560536,61.471732,73.039417,72.476238,51.665635,73.668775,75.864705,73.41697
72.060226,63.898388,76.372283,64.795435,59.829989,58.454204,67.314929,58.947462,71.834293,72.656103,51.941102,73.199177,74.370767,74.671109
69.395667,66.008512,76.372283,63.02366,59.072527,58.454204,66.026145,56.282953,69.513315,72.627196,51.734501,72.242587,73.616252,75.037817
67.081707,67.36502,77.023463,62.085661,59.4986,56.516044,65.843893,53.828801,67.484488,71.08229,51.252433,70.548056,72.478676,74.876465
64.150692,68.088491,78.000234,61.986924,57.672573,55.621509,66.071708,51.514886,67.241028,69.698435,50.42603,69.027451,71.235468,74.678444
62.299524,68.209069,78.697928,61.427416,54.426305,56.456409,65.04654,50.953937,68.580054,69.483699,48.528363,68.490767,70.457632,73.754341
61.506167,66.852561,78.697928,60.532203,52.812392,56.456409,62.882295,50.252751,69.249567,68.882438,47.4571,67.70363,69.521348,71.887277
60.018622,64.290268,79.367714,60.436288,54.140412,55.323331,60.923084,47.681734,68.962633,68.581808,46.68579,66.096559,68.729108,71.563134
57.869945,61.938988,79.432832,59.956709,56.194691,54.793236,60.102949,45.811904,68.675699,68.882438,45.088077,64.374697,68.729108,71.851916
55.952664,59.828864,78.574457,58.565932,56.727282,54.371569,59.419504,43.533048,68.675699,68.882438,44.647329,62.980809,68.412212,72.412978
54.035384,58.56279,77.204441,56.990702,57.579428,53.23307,57.564437,41.113955,68.962633,68.631913,44.390225,62.543511,67.699196,72.644004
52.272367,57.296716,75.716028,55.323916,58.0055,53.327945,55.70937,40.272532,69.651275,68.005599,43.361812,63.500101,66.774915,71.889634
51.963839,55.126303,75.597631,53.628437,56.301209,54.603486,53.488171,39.85182,69.870389,66.878235,41.690641,65.50894,65.567692,70.541199
52.426631,53.646476,75.952821,53.764075,54.4904,54.835402,50.645659,39.431108,70.089502,65.876134,40.229828,67.599772,64.360468,69.870971
51.038255,52.648964,76.054303,54.592438,53.721102,54.31359,48.110696,39.010396,69.989075,65.124558,39.228127,69.174045,64.360468,70.124845
49.64988,52.226939,76.054303,54.592438,53.180057,53.222528,47.75921,38.063795,68.626138,64.45649,39.365861,70.092372,65.944949,69.052226
48.87856,52.648964,75.775226,55.595192,52.165598,52.3551,48.451532,36.27577,66.904533,64.504209,40.972756,71.404266,67.318166,68.63968
48.10724,52.543457,75.28684,56.358158,51.455477,52.056921,48.451532,35.013634,64.704705,65.620837,42.686777,72.716161,68.163222,69.588536
47.027392,51.111588,73.62633,56.118369,50.308358,52.891821,48.637926,35.013634,62.696166,67.524829,44.143696,73.864069,68.797014,70.042336
46.204651,49.503875,71.282079,55.878579,49.161239,53.494804,47.95448,34.822402,62.026653,67.92567,45.355754,74.438023,69.0787,69.877318
47.618737,48.566042,69.719246,55.692077,49.325113,52.219263,47.95448,33.929983,62.026653,66.422518,45.700088,74.438023,69.0787,70.317366
50.511187,48.859115,68.351766,55.505574,49.184649,51.473817,48.345021,34.864898,62.249824,65.520626,45.21802,73.208121,69.782913,71.830034
52.246656,49.578475,65.979608,55.319071,49.848659,52.81562,48.052115,34.92333,63.678118,66.021677,45.603675,71.633848,71.455421,73.100675
51.916091,49.770304,64.095835,54.413201,51.527127,52.81562,48.984087,34.514305,63.878972,66.522728,45.025192,70.428545,71.568598,74.371316
52.356845,51.277535,63.429855,52.320496,51.527127,50.206559,50.599504,36.524372,62.874703,67.023779,43.096918,69.724147,71.206431,75.883984
52.356845,52.081392,64.089493,49.940043,51.121344,47.945372,51.282949,36.945084,64.381107,68.526931,40.847265,69.536307,71.523327,76.126011
51.585525,50.802529,65.903496,48.513298,50.999609,47.945372,51.966395,37.786507,66.89178,68.455352,39.561749,69.765889,70.995167,76.771416
52.577222,49.171979,67.531448,47.534159,51.993778,48.9393,54.016732,39.048643,67.89605,67.632197,40.204507,71.077783,71.259247,78.788306
53.568919,49.101642,69.26793,45.669132,54.692239,48.541729,54.700178,39.950168,67.494342,67.131147,41.23292,71.815724,71.259247,79.018808
52.797599,50.320824,71.190463,43.905834,56.396531,47.614063,55.383624,41.753219,67.092634,66.379571,41.894042,72.389678,70.290953,78.039175
53.414655,50.977307,72.306773,43.028423,57.05931,48.077896,56.750515,42.128854,65.887511,65.77831,42.812268,73.996749,70.547031,76.829041
54.80303,52.102706,72.763445,42.42229,58.361199,49.191095,56.613826,42.8651,63.343362,65.821257,44.281429,75.60382,70.451002,75.820596
54.224541,52.806081,72.94104,41.472822,60.035057,51.231961,57.160582,42.958592,61.000066,66.966516,46.07197,75.144657,69.605945,75.561281
54.417371,52.102706,72.452654,40.150348,60.643732,54.525176,57.160582,41.264058,58.717636,67.467566,47.036107,74.800284,68.609986,74.212846
55.18869,49.992583,71.313088,38.331947,60.062724,57.818391,56.477137,41.439354,56.435205,67.467566,47.86251,75.243049,67.704569,73.486766
54.417371,48.163809,69.685136,36.615274,58.203497,59.673724,55.964552,41.439354,55.832643,66.966516,49.074568,74.997069,66.685974,73.849806
53.646051,48.163809,68.53077,35.82179,55.860097,59.905641,56.135414,39.235626,55.732216,66.71599,50.617188,73.849161,64.943045,74.454873
52.594251,49.490173,68.353176,36.605102,54.558208,60.203819,58.185751,36.470948,54.426666,66.465465,51.131394,72.356881,63.041668,75.05994
51.542451,50.394511,68.743884,39.097456,53.895428,60.084548,60.431358,33.706271,54.901412,66.565675,50.102981,70.979391,61.411917,73.698539
51.079659,49.972486,68.353176,40.710583,53.895428,58.971348,61.99352,32.203729,56.581281,67.166936,49.441859,70.192254,60.204694,71.732071
51.608564,48.378171,66.399634,41.190161,54.321501,58.275598,62.38406,32.203729,57.485123,67.381672,49.552046,70.093862,59.676533,72.034604
53.063053,46.150818,66.399634,42.362464,53.043282,57.753786,62.432878,32.203729,58.489393,66.594307,49.9377,68.716373,59.148373,73.720149
53.268738,45.095757,68.87412,43.854485,51.460726,56.337439,63.799769,31.151949,58.991527,65.592205,50.382687,67.437276,59.148373,73.893025
52.240312,45.095757,71.153253,44.413993,51.582461,54.190554,64.824938,30.400678,58.991527,66.093256,51.309742,67.191296,59.852587,73.547272
51.0062,45.939806,71.979751,44.749698,50.943352,52.938204,64.532032,31.752966,59.278461,67.277558,53.238016,67.191296,59.394848,74.895708
50.080617,45.611565,70.657353,44.665772,49.573833,53.633954,63.82906,33.505932,60.426198,68.461859,54.408754,67.535668,58.98741,75.845197
48.72784,45.142648,68.182867,43.127125,49.269495,53.807892,62.393824,34.908304,60.081877,68.361649,53.747631,67.88004,59.477844,76.068607
47.837856,44.790961,66.489797,42.008108,49.463164,53.286079,59.904129,34.908304,59.881023,68.061019,52.134893,68.224413,59.565871,76.431647
49.573325,43.501441,65.261856,41.672404,48.743821,52.03373,58.146697,33.155339,62.001148,69.005857,49.943672,67.707854,60.686211,76.885447
50.978229,42.739452,64.424624,41.09691,47.120686,50.085631,58.537237,32.103559,63.117002,69.349435,48.979535,66.846923,62.510764,75.977847
50.390557,42.211921,64.424624,41.276752,45.132347,49.688059,59.220683,30.841424,63.117002,68.748174,48.979535,67.1339,62.862871,74.011379
48.590811,42.211921,63.587392,41.360678,43.001983,49.986238,58.537237,30.0,63.403937,67.803335,49.622293,66.990412,63.54,73.043271
45.395343,42.513367,61.912927,40.689268,41.91313,48.942613,57.853792,31.682847,64.69514,66.257236,49.622293,65.985992,64.076286,71.470097
42.816931,43.049272,60.858635,39.514301,41.25035,48.316439,57.853792,33.518681,66.368923,64.453453,48.979535,64.838085,63.759389,69.654895
42.354139,43.28373,60.46398,37.835777,41.25035,50.224781,58.87896,34.51309,67.038436,62.595011,49.622293,65.125061,64.15551,68.596028
41.531398,42.439681,59.309614,36.756726,41.980761,50.672048,59.562406,36.336175,66.125463,61.137409,49.989583,65.412038,65.502318,68.142228
39.474545,41.595631,58.865627,36.974716,41.752507,50.324173,58.992868,39.000683,66.551517,60.499708,50.196184,65.26855,67.509327,67.779187
38.703226,41.595631,60.049592,36.761086,40.793844,50.602473,57.944918,41.601447,68.392678,61.365159,52.124458,65.010271,69.621968,66.962347
39.988759,40.329557,61.351953,36.276179,40.604478,50.880773,55.660256,42.238889,68.431303,63.118836,54.052733,64.567506,70.678288,65.419426
42.92712,39.591014,62.282212,36.126976,40.415112,50.185024,54.605797,42.589482,68.637307,63.369362,54.149146,64.469114,71.357351,64.82536
43.191572,41.022883,62.951997,35.791272,39.98904,47.228087,55.24368,43.340753,68.302551,62.492523,53.763492,64.907406,72.353311,64.110281
40.260557,41.505197,63.125646,35.371641,38.33209,44.410301,55.764401,43.040245,66.093158,61.816105,54.727629,65.936051,72.443852,62.735128
38.387352,41.083173,62.629508,36.150955,36.67514,41.766452,55.17859,43.741431,63.682911,61.014423,56.173834,66.182031,72.534394,62.207069
38.828106,39.676424,61.69925,37.014196,36.67514,40.076775,54.98332,44.021906,61.616986,59.761797,57.532391,67.329939,73.643531,61.066086
39.599426,38.973049,59.875944,36.258861,37.740322,38.734972,55.666765,43.300686,61.559599,58.366012,59.786218,69.434437,74.118875,60.288142
40.062218,40.203954,57.727048,36.174934,38.095383,36.647723,56.17935,43.300686,61.815231,57.220753,60.949304,70.96498,74.330139,61.498277
39.533313,40.028111,55.913044,36.174934,36.959189,34.908348,56.281867,44.652973,62.606474,56.88672,61.120706,70.678003,74.541403,63.313478
37.770296,38.269675,54.099041,35.59944,36.959189,34.212599,55.188353,46.606278,63.9455,57.554787,61.120706,69.4727,73.168186,63.716856
36.227656,35.526514,53.33933,34.800143,36.959189,34.212599,52.796294,49.085473,64.949769,59.183202,59.288846,69.558793,71.79497,62.426046
35.245976,32.783353,53.773451,35.24775,36.959189,34.510777,50.859864,51.564667,66.814841,60.310566,56.557124,70.333631,71.30202,61.336925
35.806936,32.783353,55.455667,36.254864,37.811334,35.591674,49.167522,53.868566,68.077351,60.611197,54.885953,69.644886,70.333727,61.538614
35.586559,33.536969,56.083592,36.674495,36.817164,37.533975,46.882861,56.172464,68.479059,61.212458,53.343334,67.750838,68.309112,61.377263
32.859393,33.235523,54.595179,37.280629,34.686801,38.39538,46.57531,56.372802,68.612962,61.012037,52.186369,65.856791,66.284498,60.106622
30.793358,32.532148,53.455613,36.907623,33.976679,37.865285,48.625648,56.372802,69.55028,60.34397,51.543611,65.561614,64.54157,59.652822
30.0,31.125399,52.18581,37.467131,33.976679,36.589743,51.530292,56.588552,69.075534,61.133504,50.900853,65.561614,62.710614,60.106622
30.0,30.0,51.404393,37.327254,33.266558,34.293769,53.775899,55.752522,69.002496,62.390686,50.159209,63.962743,61.974391,60.365937
30.925584,30.984724,50.232268,36.787729,31.278218,31.789071,55.679783,53.82426,71.412743,62.991947,48.646255,62.757439,62.797498,59.53613
33.123845,33.657547,48.781066,38.066604,30.710121,31.232471,57.217536,51.720701,73.287379,63.077841,46.803682,62.757439,63.476561,58.083969
33.867618,35.451152,48.11128,38.961817,30.710121,31.232471,58.608836,50.894303,74.961162,62.863105,44.575454,62.855832,64.004721,57.461615
32.413129,36.822733,47.069391,40.01689,30.0,30.119271,59.487552,49.091252,75.74226,62.562475,42.132974,62.609851,64.215985,57.6561
32.280903,37.666782,45.580978,40.01689,31.065182,30.0,60.170998,47.58871,74.658287,61.760794,40.021054,62.265479,64.779356,56.7485
33.382788,38.088807,44.092565,38.961817,33.550606,30.993928,61.879612,47.58871,73.51055,61.396393,37.909135,61.060176,66.53989,55.992166
35.145805,38.812278,42.55341,38.206481,35.68097,32.942027,63.929949,47.288201,71.88459,62.034094,35.980861,61.429146,67.244104,56.856547
36.908822,40.520473,41.665437,38.24463,37.304105,35.446726,66.094194,46.687184,70.832498,62.535145,35.12385,63.396988,67.59621,57.610917
39.33297,42.771271,42.837562,38.366704,37.506997,36.281626,67.706425,46.386676,69.684762,62.749881,35.295252,65.168046,67.173682,57.500905
42.374174,44.318695,44.400396,36.832053,37.222948,36.758711,68.407395,47.725304,67.747957,62.213041,36.162975,66.775117,65.091222,55.887392
45.613717,45.02207,45.572521,36.192616,37.953359,37.235797,69.660379,49.063933,67.245822,61.628482,37.287802,67.693443,63.43129,55.968068
49.007524,45.02207,45.702757,37.423533,38.683769,36.818347,71.710716,49.765119,68.049237,61.043922,39.157644,68.382188,62.727076,58.14631
51.938539,44.117731,46.446963,39.163095,38.257696,36.520168,73.248468,50.045594,69.656069,60.292346,40.770382,68.72656,62.551023,58.932897
55.220154,42.510018,46.539989,41.574066,36.492538,36.91774,74.053958,49.858611,70.961619,59.991716,41.798795,67.865629,62.022863,58.993403
59.006634,41.505197,44.260857,43.636253,34.159282,37.845406,75.713755,49.04056,72.133267,58.617405,42.166085,66.143768,62.022863,60.264044
62.056853,40.299412,41.981724,45.661139,31.318797,36.58643,76.670579,47.797548,73.807049,56.708641,41.71532,64.852371,63.079183,61.996737
64.205529,39.395074,39.214207,47.899171,30.963736,34.678088,77.725038,47.185603,73.606195,54.620929,40.713619,65.282837,63.4633,63.426895
66.739866,38.222783,36.772279,49.391193,32.028918,35.155174,79.748747,45.713112,72.401072,52.199184,39.887216,66.881708,63.092902,64.395003
69.755025,36.347118,35.307123,51.209594,33.449161,37.441209,80.015025,44.895061,73.405341,49.956385,39.887216,68.35759,61.634173,65.535986
72.880373,35.643743,36.214124,53.401,35.295476,39.250158,79.312052,44.6029,74.227016,48.715688,40.272871,68.2346,59.213439,67.610502
74.995993,36.909817,36.437386,55.401665,36.147622,40.711232,78.491917,44.778197,74.044422,49.049722,40.272871,67.373669,57.628958,67.999474
75.458785,39.08023,34.874552,56.469817,37.993937,41.456678,76.851647,44.778197,74.957394,49.851403,41.264555,67.373669,57.232838,67.351188
75.789351,40.219027,35.135025,55.630555,39.840252,40.860321,75.807839,44.077011,75.368231,49.851403,43.713157,66.635728,56.915942,67.973542
76.582708,40.453485,36.437386,55.350801,39.840252,39.170643,74.57477,43.235587,74.196584,49.71779,45.427178,64.86467,56.372692,67.973542
77.302607,39.75011,35.786205,54.791293,39.650887,37.083394,71.925103,41.438,73.527071,49.670071,45.684282,63.257599,56.372692,67.005435
78.022505,39.348182,33.088457,52.473331,40.597715,35.691895,69.464699,41.183023,73.125363,50.099543,46.262764,62.929626,57.127206,65.103795
80.220767,39.649628,30.520945,49.875615,42.017958,35.691895,66.556948,42.304921,71.518532,50.743751,48.053304,64.271336,58.264782,63.202156
82.286802,39.122097,30.130236,47.637583,43.641092,37.222544,63.414873,43.42682,70.53658,49.84186,49.155175,66.105007,59.050251,61.507968
82.617367,39.297941,30.260472,45.424983,44.554105,39.101068,60.310077,43.42682,70.759751,50.067332,48.60424,67.273413,60.018545,60.217158
82.617367,40.302762,30.0,43.044531,43.275887,39.954943,57.132054,43.146345,71.261885,51.946273,47.502369,67.129925,61.206905,60.015469
83.080159,39.549146,31.562834,40.694597,42.530259,40.287005,54.364099,41.989388,71.261885,53.198899,48.191038,65.773306,61.286129,61.170597
84.005743,39.900833,32.34425,38.512515,44.031198,41.226268,52.72383,40.411718,71.76402,54.000581,49.430643,65.679387,61.365353,62.066411
83.697215,42.151632,31.302361,36.833991,46.521233,42.16553,52.826346,40.83243,74.330486,54.601842,49.320456,65.937666,61.233313,61.547782
84.082875,42.151632,30.651181,35.155467,47.510331,43.581877,53.338931,41.444375,75.892683,55.54668,47.970664,65.162828,61.101273,60.6834
86.628231,41.729607,30.651181,33.596837,45.32079,45.520037,51.874404,41.401878,75.710089,55.355804,46.363769,63.527059,62.025554,58.989213
89.008303,41.917174,31.488413,32.038208,42.953719,46.795578,49.179676,39.906014,75.814429,55.20397,45.445543,62.235663,61.919922,57.900092
90.0,42.587054,33.845067,31.438735,42.547936,48.071119,46.582582,39.345065,76.101363,56.388272,44.013111,62.235663,61.603025,57.900092
90.0,43.491393,35.755197,31.119016,42.4262,49.810493,45.443506,40.466963,76.101363,55.987431,42.374077,62.235663,61.919922,57.295025
,43.189947,36.797086,30.0,43.355814,51.201993,45.964226,40.653946,75.699655,55.252557,41.892009,62.426981,62.87061,55.681512
,41.622426,38.620392,30.0,45.137573,53.150092,45.573686,41.261641,75.297947,55.920624,41.506354,61.929554,63.594944,54.219267
,40.356352,40.071594,31.566623,45.563645,54.924254,44.331057,42.912126,74.795812,55.586591,40.477941,60.666856,62.840429,54.128507
,41.411414,41.746059,33.133245,46.628827,54.750316,43.088429,43.195297,74.006744,54.341555,40.992148,60.338882,61.303963,53.483102
,42.466476,42.490266,34.412121,47.930716,54.054566,43.088429,42.669408,73.537215,53.931605,42.79187,60.584862,59.767497,52.474657
,43.370814,40.753784,35.467193,47.863086,54.054566,44.65059,41.767882,73.067686,54.098622,43.916697,60.982215,58.605545,52.928457
,43.571779,39.668483,36.64216,47.795455,54.472016,45.822212,41.918137,71.91995,54.150012,44.123298,60.805614,58.650816,52.474657
,43.16985,39.668483,38.488536,49.310381,53.845842,45.887302,43.390628,71.460855,53.533334,43.462175,59.370729,58.273558,50.840975
,42.767922,41.133639,39.495651,50.825306,54.054566,45.473092,42.549204,71.575629,51.958603,41.630315,59.370729,57.217238,49.751855
,42.256377,44.197148,40.754544,52.340232,55.306916,46.653589,40.235289,71.958208,50.884923,40.505488,60.662125,56.689078,49.388814
,42.213748,46.772272,42.572945,53.812119,55.306916,47.727575,39.7094,71.623451,50.884923,40.551399,60.936058,56.79471,48.481214
,43.386039,48.53046,44.139568,55.189324,56.635165,46.555954,40.656001,70.217474,50.670187,38.990415,60.041584,57.745398,47.573613
,44.370763,50.614238,44.427315,55.662738,59.454307,45.970144,41.076713,68.811497,49.620366,37.319244,59.877598,58.458414,46.363479
,44.792788,52.56778,43.707947,54.526544,61.640949,45.750465,42.479086,66.602104,48.409493,37.147842,60.107179,59.646775,44.245744
,46.340212,53.870141,43.372242,55.165654,62.336698,45.465696,44.933238,64.536178,46.906341,38.647611,59.762807,59.646775,44.699544
,48.215877,55.172503,42.796748,57.143849,63.032448,45.180926,47.036797,64.536178,45.778977,41.432896,59.074062,58.422403,46.968546
,51.076267,55.432975,41.358013,56.99168,64.297447,44.481948,47.036797,64.894846,45.277926,43.896802,59.246248,57.763918,48.965267
,53.668704,54.651558,39.919278,55.926498,64.866697,44.067738,45.564306,63.890576,44.275825,45.305925,59.418434,57.141443,50.961989
,55.477382,53.479433,38.840227,56.230836,64.031798,42.375397,43.460747,63.675376,43.774774,46.577315,58.72969,56.217163,52.647533
,57.647794,52.480956,38.560473,57.245295,62.501148,40.724476,40.515764,63.96231,43.774774,46.439581,59.877598,55.160843,53.879277
,59.818207,50.798739,40.052495,59.233634,61.805399,40.245176,39.554137,63.560602,43.023198,44.704134,62.255407,55.085391,54.592392
,61.894837,48.356811,41.171511,60.511852,60.910863,40.180086,39.854645,63.158894,42.271622,42.77586,64.223249,55.714153,55.053395
,62.832669,45.984653,41.597803,60.81619,58.763979,40.114996,38.59251,63.158894,41.369731,40.333379,65.305562,55.890207,54.892044
,64.180804,43.612495,42.676854,60.207515,56.352046,38.591889,37.330374,64.364018,39.565948,39.047863,66.510865,54.833886,54.892044
,66.064843,43.807849,42.31717,59.294502,53.800964,36.131484,37.330374,64.899628,38.363426,38.083726,68.06054,53.46067,55.860151
,66.203972,44.700897,40.278962,59.598839,53.453089,34.673467,37.330374,65.234385,39.064897,36.243101,68.749285,53.370128,57.372819
,65.61963,45.593945,38.720333,61.086713,54.336156,33.215449,37.630883,64.960493,39.852263,34.540209,67.716168,53.596482,59.490554
,65.61963,47.547487,37.66526,64.045551,53.943682,31.106531,39.433933,63.280624,39.136476,35.160012,66.109097,53.279586,61.119581
,65.137316,48.328904,37.329555,66.733868,54.009944,30.0,41.357187,62.209403,38.420689,37.248975,64.797202,52.786637,62.14354
,65.288039,49.891737,37.089766,68.559894,54.308122,30.797353,40.876374,61.037756,38.506583,38.534492,63.198331,52.610583,62.913626
,65.81557,51.733648,36.663474,70.538089,53.612373,33.287048,39.273662,61.396423,39.02195,38.020285,61.993028,52.610583,63.683711
,64.476453,52.764088,36.141267,73.260221,51.664274,34.341507,37.670951,63.462349,38.067568,36.863321,61.648655,52.082423,63.381178
,63.899325,54.352683,36.738076,75.221508,50.710103,33.93144,36.348714,66.102143,36.146873,35.577804,61.304283,50.497942,61.384456
,63.711759,54.799207,38.677703,75.289139,49.616782,32.336733,36.453891,67.536814,34.894246,33.006772,61.304283,49.969782,60.295335
,63.289734,53.920113,40.244326,75.289139,49.616782,31.152094,38.241917,67.536814,34.393196,30.564292,61.304283,49.705702,59.690268
,64.696483,54.517028,40.468129,76.235967,50.776364,32.245607,39.804561,66.676011,34.092565,30.050085,60.959911,47.857141,57.788629
,67.369306,56.5791,40.552055,77.798234,51.240198,32.929053,39.684357,66.618624,33.577199,30.968311,60.959911,47.117717,55.584456
,69.690442,57.94658,40.132424,77.737366,52.353397,33.807769,38.842934,67.42204,33.362463,31.769672,60.71393,47.208259,54.313815
,70.745504,57.165163,40.132424,76.520015,52.075097,36.224238,39.263645,67.42204,34.045714,31.90991,60.123578,46.189664,53.587734
,71.448878,55.602329,40.971686,74.859992,51.379347,38.445436,39.403883,67.135106,35.480541,32.350658,58.822616,44.718361,52.619627
,71.917794,54.23485,41.211476,73.078233,51.379347,40.666635,38.936425,65.413501,35.931486,32.534303,58.057344,43.088609,52.01456
,72.386711,53.258079,41.451265,70.876857,51.379347,42.887833,38.644264,62.974561,35.931486,31.065142,58.248662,41.187232,52.619627
,72.855627,53.537156,42.010773,68.568963,51.611264,44.254724,38.539086,61.683357,36.232117,30.238739,58.593034,39.708384,52.446751
,73.79346,54.206942,42.570281,68.036372,51.611264,44.059454,37.908018,60.72691,36.0651,30.624394,58.691426,39.180223,51.215007
,76.020812,54.988359,43.638433,68.036372,52.87024,44.205907,35.804459,59.387884,35.397032,30.734581,58.445446,39.859287,50.926225
,78.482623,54.727887,45.266092,68.273079,52.87024,45.231075,34.452171,59.220506,34.895981,30.734581,58.636764,41.258568,50.183642
,80.592747,52.904581,46.664863,66.988097,51.379347,45.790258,34.502256,59.053128,35.397032,30.183645,59.402036,42.205141,48.822241
,80.994675,51.081275,48.623141,65.466409,52.273883,45.665995,36.355392,58.160444,35.898083,30.0,59.784672,42.748392,48.368441
,80.994675,51.211511,49.555654,65.162071,53.864168,46.007718,38.278645,58.224207,35.597453,31.799723,59.784672,43.065288,49.276042
,81.999496,52.969699,49.788782,64.147612,54.328001,47.506042,38.173468,57.841628,35.797873,34.113652,59.193325,44.19706,49.578575
,84.285463,53.667393,50.767922,64.502673,53.400335,47.979196,39.368672,57.172115,36.799974,35.913374,58.164681,45.555186,48.368441
,86.923117,54.56044,52.166692,64.289636,52.704585,47.420013,41.790952,56.502602,36.799974,36.8316,57.136036,46.913312,47.158307
,87.626492,56.123274,53.485532,61.946236,53.507373,46.040696,43.543918,55.478641,35.797873,38.264032,55.369451,47.951879,46.91628
,86.57143,55.118595,54.804372,60.576716,55.638411,44.810493,44.595697,54.263391,34.394931,40.798336,53.811576,46.978408,47.27932
,86.772394,52.551083,56.650749,59.739788,56.54921,43.71698,44.295189,53.402588,32.741463,43.62188,52.376691,45.781244,46.674253
,87.442275,49.816124,58.590377,58.294184,57.026296,43.033535,42.942901,53.067832,31.345679,45.513072,51.046161,45.992508,45.615386
,87.783305,48.25329,59.52289,58.091292,57.920831,42.740629,43.393663,51.96056,30.20042,46.600816,49.619973,46.203773,44.480885
,89.062167,46.788134,60.242258,58.091292,58.616581,42.447724,45.737629,49.84902,30.0,47.457827,48.376406,45.358716,44.405252
,90.0,45.322977,61.29733,56.955098,59.544247,43.677926,45.316917,47.840481,30.710581,47.67208,47.745057,44.51366,46.220453
,89.179396,44.932269,62.192543,55.948017,61.104413,44.908129,42.792646,46.367552,30.619481,47.457827,46.61802,44.196764,47.430587
,88.124335,43.89038,63.311559,56.645227,61.538127,45.135944,40.829325,46.066271,30.11843,46.85792,45.835356,43.404523,47.884387
,,44.020616,64.710329,58.633566,60.074342,44.543624,39.426952,47.572675,30.870006,46.472265,45.052691,42.295387,49.427309
,,45.974158,65.885296,59.76976,59.737009,43.040044,37.82424,49.246458,31.99737,46.747733,43.800428,42.770731,51.121496
,,47.797464,66.46079,59.76976,59.670747,42.356598,36.922715,50.585484,31.621582,47.0232,42.469899,44.091132,51.028409
,,49.230061,65.861317,58.633566,60.068318,42.812228,36.221529,51.656705,31.705091,48.180165,41.41765,44.619292,49.725188
,,50.848711,65.022055,57.497372,61.459817,43.267859,34.618817,51.054143,32.540175,50.163533,40.652378,44.091132,48.21252
,,51.685943,63.86,58.136481,62.677379,43.780443,34.0178,50.719386,32.540175,50.604281,40.652378,42.506651,46.008347
,,52.988304,61.392426,59.911785,62.781742,44.976473,34.0178,50.719386,33.041226,50.218626,40.652378,41.274277,44.106707
,,55.267437,60.086907,61.332027,62.174542,46.538635,34.418478,49.762939,34.043328,48.93311,40.078424,40.570064,42.41252
,,57.416333,60.086907,62.468221,61.289043,46.597216,35.820851,48.36015,35.379463,47.261939,39.832444,40.268258,40.718332
,,60.053615,59.667276,62.361703,59.102401,46.004896,37.223223,46.957361,37.383666,46.876284,39.155998,41.4453,40.113265
,,62.821132,59.247645,61.829112,56.567884,46.232711,36.522037,46.268719,38.552784,46.876284,38.725533,42.924149,39.508197
,,65.100265,59.807153,61.403039,54.033367,45.939806,36.288308,46.268719,38.719801,47.519042,38.295067,43.135413,38.90313
,,67.429488,60.366661,60.063953,52.542475,44.621732,39.034622,46.957361,38.719801,49.125937,37.290648,41.762197,39.162445
,,70.456405,60.030956,58.182593,53.5861,42.132037,41.313477,47.646003,39.387869,50.090075,36.372322,41.234036,38.125187
,,73.10764,60.414619,58.033617,54.927903,39.847376,41.313477,48.047711,40.724004,50.411454,36.458415,42.290357,36.050671
,,75.256537,61.853354,57.939974,55.415831,39.710687,39.209918,48.334645,41.976631,49.286627,37.98461,42.818517,35.272728
,,77.265894,62.386219,57.737082,56.087254,38.85638,37.386834,47.952066,42.591557,46.394216,39.510806,42.290357,35.013413
,,78.754307,62.352309,57.026961,55.00349,36.293458,36.665613,45.776149,42.079119,44.465941,39.941271,40.811508,34.494784
,,78.103126,62.265113,54.541537,53.438053,34.584844,37.26663,43.868037,41.918067,44.94801,40.097804,40.036873,34.23547
,,76.800765,62.177917,52.292819,53.438053,33.217953,38.869342,44.135842,42.132803,46.983411,40.254337,40.529823,34.23547
,,76.800765,62.33051,49.925748,53.206136,33.413223,39.149816,44.805355,41.488595,48.697432,38.915111,41.163615,33.976155
,,75.62864,61.397997,47.14444,53.496032,35.112074,38.308393,45.207063,40.200178,49.125937,38.14984,41.304458,34.624441
,,74.456515,61.184851,45.546667,55.177427,35.932208,37.361791,45.207063,39.180182,48.429616,37.985853,40.408186,35.791357
,,74.456515,61.904218,44.836546,56.105093,37.2991,37.256613,44.805355,39.01913,47.947548,37.247912,39.371071,36.050671
,,,61.904218,45.546667,56.916801,39.896193,36.976139,43.466329,38.48229,47.947548,37.592284,39.371071,36.309986
,,,61.34471,47.677031,58.482238,42.493287,35.974444,41.266501,37.730714,47.947548,38.09319,40.084088,36.93234
,,,61.50457,49.984925,59.4215,45.090381,35.673936,40.182528,37.730714,48.911685,37.962746,40.480208,37.295381
,,,61.888233,52.292819,59.540772,47.199299,35.253224,40.246291,38.632605,50.839959,38.249723,40.480208,37.295381
,,,62.485041,52.292819,59.47451,49.444906,34.532003,39.863712,40.035547,51.804096,38.823676,40.480208,36.20626
,,,64.424669,52.860916,58.662802,52.042,33.810783,39.194199,40.16081,51.528628,38.823676,40.480208,34.857825
,,,66.5508,55.204317,56.923428,54.912472,34.091258,38.792491,39.952039,51.428458,38.823676,39.952048,33.690909
,,,68.229324,56.97962,55.531928,58.090494,36.370113,39.251586,39.217165,52.430159,39.561617,39.027767,32.783309
,,,70.047725,57.689741,55.134357,60.560218,38.903946,41.674585,38.100537,53.04231,40.545538,38.103487,31.573174
,,,71.642323,59.21143,54.272953,62.859081,41.362651,43.236782,38.100537,53.04231,40.129264,36.69506,30.0
,,,72.985142,60.496411,51.72187,65.104688,43.285905,43.784565,38.315273,52.029479,38.433892,35.497896,30.54456
,,,74.999371,60.259704,49.286747,67.447931,43.706617,43.86884,39.066849,49.975992,36.539844,33.948626,32.460606
,,,76.845748,58.981486,47.825672,69.322525,43.472888,43.807038,40.892106,48.623696,35.924894,32.188092,33.67074
,,,78.244518,58.235858,48.356972,70.757761,44.501295,45.012162,43.195638,48.483458,35.701275,31.886286,34.23547
,,,80.062919,58.058328,49.537638,71.099483,46.114024,44.610454,45.327381,48.869113,35.231677,31.584481,34.59851
,,,82.04118,55.826518,51.161054,71.099483,46.114024,41.898927,46.730323,49.695516,35.075144,31.735384,33.590065
,,,83.599809,53.878757,52.970003,70.904213,46.464617,39.723009,46.587165,51.003988,34.574239,32.414447,32.58162
,,,84.439071,52.387502,52.691703,69.342052,45.997159,39.053496,45.942957,52.643021,34.80382,31.735384,32.94466
,,,84.896851,49.66537,52.691703,68.658606,44.828515,37.937641,46.243588,53.157227,35.033402,30.26408,33.3077
,,,85.914138,48.921434,54.639802,68.951511,43.426143,35.817517,46.844849,52.239001,35.54996,30.0,34.215301
,,,86.626239,49.408374,55.474702,70.611308,40.761634,33.900275,46.018115,51.577879,36.410891,30.0,35.727969
,,,86.359201,49.514892,55.057252,72.388267,40.200685,32.31779,43.817071,51.406477,36.656871,30.422528,36.333036
,,,86.499078,50.047483,55.355431,73.09124,40.668143,31.246569,42.367602,51.896197,37.476806,31.599571,37.240636
,,,87.729996,51.645256,55.653609,73.384145,40.083821,30.621691,40.86445,51.528907,37.763783,31.825925,38.511277
,,,88.641195,54.663272,56.697234,72.700699,39.032041,30.685454,39.52235,51.061446,37.907271,32.05228,39.076007
,,,89.440492,56.083514,57.740858,71.504669,38.856745,31.259322,39.307614,51.450997,38.091756,33.229322,39.882763
,,,90.0,56.083514,58.635393,70.308639,38.681448,30.876743,38.806563,51.940717,37.376177,33.953656,40.03403
,,,,56.083514,58.960679,68.258302,37.679753,30.20723,38.520249,53.092673,35.615182,34.159433,39.882763
,,,,56.575137,58.093251,66.378826,37.905135,31.2115,38.233934,54.45123,33.462855,35.225357,40.185296
,,,,57.066759,56.229636,66.094057,38.664753,33.554795,36.830992,55.759702,31.740994,36.651389,41.092897
,,,,57.066759,54.664199,64.78412,37.846703,34.67065,36.358572,57.068173,30.880063,38.122693,41.637457
,,,,55.646517,53.829299,62.221198,36.794923,34.447479,36.788045,57.72554,31.618003,39.233887,40.911377
,,,,53.374128,52.57695,61.19603,36.794923,33.44321,37.088675,57.900837,32.929898,38.986955,40.548337
,,,,51.338447,51.264965,60.785963,37.751086,32.152006,37.890356,57.900837,33.15948,38.131838,40.548337
,,,,49.241899,48.804993,59.816712,38.707249,31.362937,38.391407,59.186353,32.470735,37.638889,40.289022
,,,,49.181031,46.195931,57.719777,38.707249,30.573868,37.708156,61.849208,32.987293,37.321993,39.303627
,,,,50.45925,44.734857,55.708869,38.473521,30.0,36.857888,62.583789,34.192597,37.638889,38.742565
,,,,51.18966,45.808299,54.552269,37.81908,31.052092,36.857888,61.941031,34.536969,37.955785,39.815184
,,,,51.493998,47.821004,53.868823,37.924258,33.395387,37.926796,62.905168,33.676038,38.351905,40.924474
,,,,53.015686,49.038566,52.936852,38.029436,34.622828,39.997806,63.226547,32.241153,40.01561,41.126163
,,,,54.963448,50.986665,51.594813,37.608724,35.850268,40.866294,62.10172,31.093246,41.05684,42.134608
,,,,56.454702,52.239014,51.184745,38.134614,37.356672,40.565663,62.996991,31.093246,41.622726,43.506093
,,,,58.585066,53.282639,51.184745,37.81908,38.145741,40.565663,64.374329,30.929259,41.622726,45.079268
,,,,60.833784,55.996063,51.477651,36.977656,38.834383,41.567765,65.017087,30.0,41.226606,47.114493
,,,,61.780612,59.156754,52.180623,36.556945,39.236091,42.569866,65.274191,30.904412,42.301789,48.302625
,,,,62.691024,62.317445,53.103275,37.188012,38.432675,42.569866,64.245778,33.033259,42.452692,49.391746
,,,,64.548264,65.030869,54.128444,37.188012,38.131394,42.870497,63.217365,34.927307,42.87522,51.206947
,,,,65.684458,67.565386,56.007919,35.234708,37.62926,42.870497,63.795847,36.936146,43.3732,52.901135
,,,,67.388749,69.752028,57.887395,35.034369,38.059661,42.569866,63.883496,38.944985,43.871179,54.918026
,,,,69.377089,71.752308,59.278695,35.735555,40.498601,43.214074,63.392662,40.150288,45.217988,56.934916
,,,,70.797332,73.891738,60.567478,35.314843,41.904578,44.931963,62.81418,41.642568,45.181977,58.317927
,,,,72.217574,75.144088,59.952377,35.420021,42.975799,46.220379,61.528664,42.790476,45.806166,59.873813
,,,,74.525468,76.953037,60.464962,34.443369,44.850435,46.435115,60.82163,41.642568,47.54155,60.911071
,,,,77.898545,79.596886,62.412782,33.241335,46.725072,46.435115,59.793217,40.150288,49.452987,60.867852
,,,,79.673848,81.371047,64.287376,33.541843,48.255387,46.268098,57.923376,39.805915,50.1572,59.787375
,,,,,81.89286,65.068456,34.115541,49.517897,46.745289,55.539327,39.067975,49.805094,59.17445
,,,,,81.89286,63.911856,36.191781,50.206539,48.033705,55.208766,37.985662,49.754793,58.561525
,,,,,83.383752,64.668904,38.220213,50.493473,48.814564,56.677927,37.641289,49.352385,56.422181
,,,,,83.622295,67.265997,39.647628,51.832499,49.452265,56.677927,37.88727,50.056598,54.362625
,,,,,83.41357,67.949443,41.25034,54.175795,50.454366,57.106433,38.707204,51.729106,53.664471
,,,,,84.039744,67.778581,40.689391,56.040866,50.579629,59.141833,40.019098,52.838242,53.664471
,,,,,84.665919,69.316334,39.126747,57.188603,49.989105,60.588039,41.330993,53.551259,54.027511
,,,,,85.94146,70.854087,39.878018,58.814563,49.130161,61.712866,43.244173,53.947379,54.188862
,,,,,86.173377,72.505748,40.629289,60.308092,48.485952,63.182027,45.157352,53.947379,53.987173
,,,,,86.173377,75.10935,41.230306,61.132108,48.700689,64.77974,45.731306,53.268316,53.987173
,,,,,86.869126,76.801692,42.43234,62.303756,48.748408,65.826517,45.977286,52.589252,53.822155
,,,,,88.260626,77.029507,43.15356,61.801621,48.882021,66.377453,46.414585,52.589252,53.657137
,,,,,88.434563,77.908223,44.626051,60.797351,49.865903,66.867173,45.744972,52.413199,54.43508
,,,,,88.956375,79.665655,45.677831,61.199059,50.76389,67.256724,44.1461,52.237146,54.123903
,,,,,90.0,81.056955,45.677831,61.600767,51.730202,68.396158,43.65414,51.841025,53.942383
,,,,,,81.159472,45.91156,62.002475,52.10599,69.681675,43.162179,51.048785,54.07204
,,,,,,81.979607,45.619399,62.627353,52.030832,71.230137,41.276331,50.124505,52.204976
,,,,,,84.088525,45.667207,62.448817,52.832513,72.842876,39.171833,50.124505,50.389774
,,,,,,86.431767,46.240905,63.194845,52.732303,71.943014,38.461223,50.124505,50.268761
,,,,,,88.579739,46.766795,65.681608,53.258407,70.01474,39.281158,50.547033,51.651771
,,,,,,89.263185,46.992176,67.568417,54.385771,69.757637,39.855112,51.724076,52.689029
,,,,,,,48.09404,69.678397,54.385771,69.179155,39.281158,53.00675,53.402144
,,,,,,,49.262684,72.153567,53.216652,66.987934,38.953184,54.742134,53.855944
,,,,,,,49.028955,73.979511,51.546483,65.76085,39.543537,55.817317,53.855944
,,,,,,,50.431328,75.179417,50.401224,65.118092,40.461863,56.069394,54.461012
,,,,,,,51.833701,76.805378,49.255966,63.029129,40.461863,56.151705,55.325393
,,,,,,,,78.367574,48.587898,62.225681,39.731376,56.378059,56.362651
,,,,,,,,79.138529,48.587898,64.025404,38.713912,56.061163,57.140594
,,,,,,,,79.686312,49.438166,65.664437,36.896392,55.216106,57.503635
,,,,,,,,81.192716,48.918895,66.53216,36.513756,55.638635,58.36173
,,,,,,,,83.559923,47.931109,67.560573,37.374686,57.268386,59.219825
,,,,,,,,84.420725,49.047737,68.974641,38.131262,57.268386,59.945906
,,,,,,,,84.133791,50.250258,70.973034,38.35488,56.362969,60.671986
,,,,,,,,84.962712,51.195097,72.475585,38.35488,57.192935,60.308946
,,,,,,,,85.409054,52.08983,71.251284,38.35488,58.022901,58.977798
,,,,,,,,85.74381,52.640986,70.577919,37.764528,57.796546,59.381176
,,,,,,,,87.035014,52.941617,72.04708,37.850621,57.400426,59.970729
,,,,,,,,87.991461,52.440566,72.304183,37.247969,57.683369,59.716855
,,,,,,,,89.330487,51.037624,70.954391,35.640898,58.136078,58.585301
,,,,,,,,90.0,50.350469,69.990254,34.722572,57.909724,56.078594
,,,,,,,,,50.565205,69.714786,34.952154,57.117483,53.860015
,,,,,,,,,50.398188,69.824973,36.214852,56.501296,51.943969
,,,,,,,,,51.133062,70.210628,37.641538,57.46959,49.500428
,,,,,,,,,52.536004,69.889249,39.240409,57.582767,47.964489
,,,,,,,,,54.239577,69.782123,40.10134,57.960024,48.569556
,,,,,,,,,56.515779,70.38203,40.10134,59.544505,49.314254
,,,,,,,,,57.452809,71.043153,40.34732,60.952932,49.94894
,,,,,,,,,57.817209,71.532873,40.784619,61.305039,51.654129
,,,,,,,,,58.151243,71.104368,41.549891,61.003233,54.225664
,,,,,,,,,58.735802,70.675863,43.415241,59.909187,56.676186
,,,,,,,,,59.487378,70.890115,45.444578,57.638098,58.854427
,,,,,,,,,59.624028,70.890115,46.612984,55.555638,61.240121
,,,,,,,,,60.261729,70.247357,47.90438,54.423866,62.536693
,,,,,,,,,60.386992,69.818852,49.109683,55.612227,63.14176
,,,,,,,,,60.76278,69.818852,49.798428,58.09698,64.654428
,,,,,,,,,61.814987,70.981938,51.175917,60.344062,64.863874
,,,,,,,,,62.759825,72.744932,52.782988,61.068396,62.804319
,,,,,,,,,63.704664,72.744932,52.782988,61.018095,61.183603
,,,,,,,,,64.005294,71.482788,52.209034,60.798028,59.627716
,,,,,,,,,64.005294,69.449336,51.635081,60.930068,58.331144
,,,,,,,,,63.704664,67.006855,51.405499,62.137292,58.07183
,,,,,,,,,63.905084,66.492648,52.610802,62.992408,57.358715
,,,,,,,,,63.504243,67.263958,54.332664,62.217773,57.91336
,,,,,,,,,62.101301,67.906716,55.193595,60.870965,60.131939
,,,,,,,,,61.600251,68.274007,54.849222,60.650898,61.94714
,,,,,,,,,61.600251,67.998539,54.50485,60.826951,63.330151
,,,,,,,,,61.600251,68.641297,53.816105,60.298791,64.603149
,,,,,,,,,61.0992,69.766124,53.283894,59.770631,64.896515
,,,,,,,,,60.598149,70.633847,54.223091,59.770631,65.519918
,,,,,,,,,,71.66226,55.197073,59.626587,66.950076
,,,,,,,,,,71.340881,55.818857,59.482543,67.555143
,,,,,,,,,,69.850851,56.495302,58.954383,68.765278
,,,,,,,,,,70.702296,56.741283,57.545956,69.521611
,,,,,,,,,,70.63343,56.608832,55.369296,67.857677
,,,,,,,,,,68.415914,56.476381,53.846548,66.284502
,,,,,,,,,,66.680467,57.050335,52.941131,65.921462
,,,,,,,,,,66.542734,56.285063,51.469827,66.829063
,,,,,,,,,,67.644605,53.797929,50.149427,68.099704
,,,,,,,,,,67.534417,52.458703,49.79732,69.240687
,,,,,,,,,,66.827384,51.037484,50.652436,70.381671
,,,,,,,,,,67.148763,48.946652,51.507553,70.744711
,,,,,,,,,,67.309452,46.989991,52.211766,71.652312
,,,,,,,,,,67.984348,46.324726,53.268087,72.300598
,,,,,,,,,,69.141313,47.985093,54.588487,72.041284
,,,,,,,,,,69.623381,49.684593,55.258845,71.133683
,,,,,,,,,,69.579557,50.154192,55.665122,69.80719
,,,,,,,,,,69.329132,50.400172,56.827074,69.647612
,,,,,,,,,,70.086668,50.83747,57.856987,69.180846
,,,,,,,,,,70.247357,51.889719,58.479461,67.849698
,,,,,,,,,,70.408047,52.99663,58.705816,66.33703
,,,,,,,,,,71.532873,52.553866,57.755127,65.227741
,,,,,,,,,,72.451099,51.673803,56.578084,63.815917
,,,,,,,,,,72.340912,51.826857,57.231997,62.242743
,,,,,,,,,,71.312499,51.433289,59.209212,62.242743
,,,,,,,,,,69.512777,51.269302,60.30616,63.21085
,,,,,,,,,,68.355812,51.154511,61.256849,64.723518
,,,,,,,,,,68.180514,49.727826,61.890641,66.538719
,,,,,,,,,,67.479324,48.033295,61.177625,68.224263
,,,,,,,,,,65.796466,47.209156,60.253344,69.607274
,,,,,,,,,,65.190437,46.997235,60.157315,69.434398
,,,,,,,,,,65.52712,47.390803,60.589446,69.261521
,,,,,,,,,,66.139271,48.702698,59.797206,69.503548
,,,,,,,,,,66.322916,48.415721,59.321862,68.881193
,,,,,,,,,,64.716021,47.210418,58.506986,69.075679
,,,,,,,,,,64.137538,47.64871,56.424526,68.319345
,,,,,,,,,,64.523193,49.579282,54.285477,66.02009
,,,,,,,,,,65.900532,50.859641,53.493237,65.536037
,,,,,,,,,,67.277871,50.746111,55.021129,66.342793
,,,,,,,,,,67.553338,50.500131,56.1529,66.544482
,,,,,,,,,,67.828806,49.811386,56.1529,66.7095
,,,,,,,,,,68.310875,48.460387,56.1529,67.133833
,,,,,,,,,,69.435701,47.930584,56.549021,67.393147
,,,,,,,,,,70.604352,48.636988,56.1529,67.652462
,,,,,,,,,,71.130245,49.210942,55.88882,67.911776
,,,,,,,,,,71.405713,49.948883,56.190626,67.652462
,,,,,,,,,,71.295526,49.825893,56.643335,66.667067
,,,,,,,,,,71.124124,48.964962,57.850558,64.579585
,,,,,,,,,,71.338377,49.998079,58.774839,62.440241
,,,,,,,,,,71.124124,51.222514,59.699119,61.05723
,,,,,,,,,,71.552629,51.413832,59.347012,61.541284
,,,,,,,,,,72.838145,51.413832,58.070625,62.630405
,,,,,,,,,,74.76642,50.725087,56.618184,61.475277
,,,,,,,,,,75.776468,49.462389,56.090024,59.311703
,,,,,,,,,,75.501,49.749366,56.442131,58.043944
,,,,,,,,,,75.501,50.364316,57.058318,58.69223
,,,,,,,,,,75.715253,50.462709,58.378719,60.896403
,,,,,,,,,,74.965369,51.151453,59.33901,63.201421
,,,,,,,,,,74.965369,52.643733,60.13679,64.411555
,,,,,,,,,,76.455399,54.365595,60.50244,64.613244
,,,,,,,,,,76.981292,54.365595,60.10632,64.613244
,,,,,,,,,,77.722936,53.791641,59.710199,64.613244
,,,,,,,,,,79.691663,52.56174,60.23836,64.613244
,,,,,,,,,,81.561505,51.331839,61.29468,65.218311
,,,,,,,,,,82.975572,50.987466,61.29468,67.184779
,,,,,,,,,,84.848753,49.905153,59.974279,69.151247
,,,,,,,,,,87.39683,49.855957,58.653879,69.151247
,,,,,,,,,,88.457381,50.544702,57.899364,67.768237
,,,,,,,,,,89.035863,50.831679,57.446656,68.286866
,,,,,,,,,,90.0,50.544702,57.220301,70.078493
,,,,,,,,,,,49.109817,56.692141,70.936588
,,,,,,,,,,,47.215769,56.956221,72.077572
,,,,,,,,,,,46.920593,57.220301,72.653826
,,,,,,,,,,,47.658534,56.692141,73.057204
,,,,,,,,,,,47.314161,57.572408,72.365699
,,,,,,,,,,,47.256766,57.924515,71.069127
,,,,,,,,,,,47.352425,56.340034,70.464059
,,,,,,,,,,,46.12799,55.917506,69.599678
,,,,,,,,,,,45.094873,57.271517,69.703404
,,,,,,,,,,,45.525338,57.765381,70.066444
,,,,,,,,,,,45.955804,56.818808,69.2885
,,,,,,,,,,,45.525338,57.049278,68.147517
,,,,,,,,,,,44.664408,57.823913,66.776031
,,,,,,,,,,,43.88957,58.4401,65.404546
,,,,,,,,,,,43.25822,59.23234,64.263562
,,,,,,,,,,,43.709184,59.458694,64.090686
,,,,,,,,,,,45.021079,59.685049,64.695753
,,,,,,,,,,,45.786351,60.364112,64.332713
,,,,,,,,,,,46.551623,61.571335,63.55078
,,,,,,,,,,,46.781204,60.911135,63.585688
,,,,,,,,,,,47.297763,59.290644,64.558117
,,,,,,,,,,,49.56749,58.541616,65.076746
,,,,,,,,,,,51.406751,58.22472,65.681813
,,,,,,,,,,,52.575157,58.75288,66.64992
,,,,,,,,,,,53.743563,60.337361,66.407893
,,,,,,,,,,,55.034959,61.789802,65.543512
,,,,,,,,,,,56.182867,61.959567,65.543512
,,,,,,,,,,,57.565574,61.416317,64.441425
,,,,,,,,,,,59.130903,61.275474,62.878335
,,,,,,,,,,,60.79256,62.130591,61.898703
,,,,,,,,,,,62.558572,62.66561,61.120759
,,,,,,,,,,,63.378506,62.295212,61.4838
,,,,,,,,,,,64.054952,62.212901,62.048529
,,,,,,,,,,,65.346348,61.677882,62.855285
,,,,,,,,,,,66.637744,60.998819,63.097312
,,,,,,,,,,,67.31419,61.677882,61.956328
,,,,,,,,,,,68.134124,62.753065,61.343403
,,,,,,,,,,,67.847147,62.268918,61.871462
,,,,,,,,,,,67.56017,61.162297,61.975187
,,,,,,,,,,,68.708078,61.464103,61.110806
,,,,,,,,,,,69.712497,61.3132,60.505739
,,,,,,,,,,,70.388943,60.860491,61.283682
,,,,,,,,,,,70.634923,61.086846,62.32094
,,,,,,,,,,,71.372864,61.615006,62.217214
,,,,,,,,,,,72.110805,62.143166,61.854174
,,,,,,,,,,,72.110805,62.935406,62.217214
,,,,,,,,,,,72.110805,63.551593,62.378566
,,,,,,,,,,,,63.601894,61.450796
,,,,,,,,,,,,64.224369,60.724715
,,,,,,,,,,,,65.571177,60.724715
,,,,,,,,,,,,66.521866,60.889734
,,,,,,,,,,,,66.521866,60.853063
,,,,,,,,,,,,66.295511,60.816392
,,,,,,,,,,,,65.012836,61.586478
,,,,,,,,,,,,63.164276,63.522692
,,,,,,,,,,,,61.975915,66.063974
,,,,,,,,,,,,61.579795,67.727909
,,,,,,,,,,,,62.107955,68.959653
,,,,,,,,,,,,62.636115,70.342663
,,,,,,,,,,,,62.319219,71.401531
,,,,,,,,,,,,62.794564,72.218371
,,,,,,,,,,,,64.114964,72.379722
,,,,,,,,,,,,65.322187,71.40009
,,,,,,,,,,,,66.529411,69.797055
,,,,,,,,,,,,66.265331,69.335004
,,,,,,,,,,,,65.156194,69.43873
,,,,,,,,,,,,64.047058,69.179415
,,,,,,,,,,,,62.401636,69.179415
,,,,,,,,,,,,61.231558,69.43873
,,,,,,,,,,,,61.593725,70.475987
,,,,,,,,,,,,61.638995,70.475987
,,,,,,,,,,,,61.533363,68.48791
,,,,,,,,,,,,61.341305,66.188655
,,,,,,,,,,,,60.621087,64.645734
,,,,,,,,,,,,60.304191,63.586866
,,,,,,,,,,,,60.304191,62.981799
,,,,,,,,,,,,61.501354,63.435599
,,,,,,,,,,,,62.381621,64.25244
,,,,,,,,,,,,62.557674,65.220547
,,,,,,,,,,,,62.507373,64.529042
,,,,,,,,,,,,63.073259,62.86943
,,,,,,,,,,,,64.39366,61.209817
,,,,,,,,,,,,64.695465,60.691188
,,,,,,,,,,,,64.293058,62.679266
,,,,,,,,,,,,65.248776,64.61548
,,,,,,,,,,,,67.568909,64.43396
,,,,,,,,,,,,68.229109,63.361341
,,,,,,,,,,,,67.172788,62.418379
,,,,,,,,,,,,67.323691,61.381122
,,,,,,,,,,,,68.530915,61.121807
,,,,,,,,,,,,69.059075,59.865129
,,,,,,,,,,,,68.832721,58.003384
,,,,,,,,,,,,68.28947,57.035277
,,,,,,,,,,,,67.092307,56.873926
,,,,,,,,,,,,66.438394,58.08406
,,,,,,,,,,,,66.136588,60.302639
,,,,,,,,,,,,66.136588,61.058973
,,,,,,,,,,,,66.891103,60.403484
,,,,,,,,,,,,67.909698,59.747994
,,,,,,,,,,,,68.701938,59.657234
,,,,,,,,,,,,68.701938,58.931154
,,,,,,,,,,,,67.909698,58.749634
,,,,,,,,,,,,68.173778,60.66568
,,,,,,,,,,,,70.238404,61.674125
,,,,,,,,,,,,71.77487,62.16918
,,,,,,,,,,,,72.699151,62.499216
,,,,,,,,,,,,73.095271,62.074884
,,,,,,,,,,,,73.239314,61.815569
,,,,,,,,,,,,73.157004,61.556255
,,,,,,,,,,,,72.402489,61.556255
,,,,,,,,,,,,71.346169,63.025703
,,,,,,,,,,,,69.521615,65.013781
,,,,,,,,,,,,67.697062,65.186657
,,,,,,,,,,,,67.344955,65.307671
,,,,,,,,,,,,66.728768,65.832062
,,,,,,,,,,,,65.619632,65.832062
,,,,,,,,,,,,66.57032,66.23544
,,,,,,,,,,,,69.070278,65.075728
,,,,,,,,,,,,71.094892,64.319394
,,,,,,,,,,,,72.113487,64.319394
,,,,,,,,,,,,72.868002,63.351287
,,,,,,,,,,,,73.924322,62.080646
,,,,,,,,,,,,73.924322,61.778113
,,,,,,,,,,,,73.396162,62.020139
,,,,,,,,,,,,73.169808,62.262166
,,,,,,,,,,,,72.943453,62.08929
,,,,,,,,,,,,72.151213,61.765147
,,,,,,,,,,,,70.170612,62.672747
,,,,,,,,,,,,69.510412,62.118103
,,,,,,,,,,,,69.510412,62.561818
,,,,,,,,,,,,68.303188,63.650939
,,,,,,,,,,,,66.990333,62.924859
,,,,,,,,,,,,67.364847,63.166886
,,,,,,,,,,,,69.323841,63.512638
,,,,,,,,,,,,70.670649,63.418342
,,,,,,,,,,,,71.700562,62.805417
,,,,,,,,,,,,71.806194,61.119873
,,,,,,,,,,,,71.59493,59.304672
,,,,,,,,,,,,71.685472,57.48947
,,,,,,,,,,,,71.062997,56.58187
,,,,,,,,,,,,70.138717,57.186937
,,,,,,,,,,,,69.29366,57.01406
,,,,,,,,,,,,68.026076,56.962197
,,,,,,,,,,,,67.70918,57.853296
,,,,,,,,,,,,68.342972,58.925915
,,,,,,,,,,,,68.487016,60.196556
,,,,,,,,,,,,69.15922,60.559596
,,,,,,,,,,,,69.913734,60.559596
,,,,,,,,,,,,69.083768,61.648717
,,,,,,,,,,,,67.631327,63.463919
,,,,,,,,,,,,67.235207,64.32963
,,,,,,,,,,,,67.763368,64.01546
,,,,,,,,,,,,67.895408,63.359971
,,,,,,,,,,,,66.548599,63.460816
,,,,,,,,,,,,66.654231,64.973483
,,,,,,,,,,,,67.710552,67.393752
,,,,,,,,,,,,68.344344,68.603886
,,,,,,,,,,,,69.295032,68.966926
,,,,,,,,,,,,70.404169,67.877806
,,,,,,,,,,,,71.724569,65.129072
,,,,,,,,,,,,71.935833,63.054556
,,,,,,,,,,,,72.569626,62.276613
,,,,,,,,,,,,73.520314,62.88168
,,,,,,,,,,,,73.520314,63.123707
,,,,,,,,,,,,74.652086,62.760667
,,,,,,,,,,,,76.010212,63.365734
,,,,,,,,,,,,76.632687,63.365734
,,,,,,,,,,,,77.255161,61.982723
,,,,,,,,,,,,78.613287,60.945465
,,,,,,,,,,,,79.745059,61.775272
,,,,,,,,,,,,79.518705,62.501352
,,,,,,,,,,,,79.609247,61.878997
,,,,,,,,,,,,80.243039,62.22475
,,,,,,,,,,,,80.243039,62.829817
,,,,,,,,,,,,79.80426,62.829817
,,,,,,,,,,,,79.682377,62.570503
,,,,,,,,,,,,80.633065,61.101054
,,,,,,,,,,,,,59.527879
,,,,,,,,,,,,,60.319967
,,,,,,,,,,,,,62.080162
,,,,,,,,,,,,,63.981802
,,,,,,,,,,,,,65.537689
,,,,,,,,,,,,,65.537689
,,,,,,,,,,,,,64.673307
,,,,,,,,,,,,,64.327555
,,,,,,,,,,,,,64.949909
,,,,,,,,,,,,,65.918017
,,,,,,,,,,,,,65.615483
,,,,,,,,,,,,,64.102815
,,,,,,,,,,,,,62.892681
,,,,,,,,,,,,,62.287614
,,,,,,,,,,,,,62.287614
,,,,,,,,,,,,,62.287614
,,,,,,,,,,,,,61.682547
,,,,,,,,,,,,,61.682547
,,,,,,,,,,,,,62.287614
,,,,,,,,,,,,,61.682547
,,,,,,,,,,,,,61.07748
,,,,,,,,,,,,,61.985081
,,,,,,,,,,,,,62.892681
,,,,,,,,,,,,,62.114738
,,,,,,,,,,,,,62.546929
,,,,,,,,,,,,,64.120103
,,,,,,,,,,,,,65.08821
,,,,,,,,,,,,,66.782398
,,,,,,,,,,,,,67.612205
,,,,,,,,,,,,,67.71593
,,,,,,,,,,,,,67.473904
,,,,,,,,,,,,,66.609522
,,,,,,,,,,,,,65.896407
,,,,,,,,,,,,,65.122277
,,,,,,,,,,,,,65.061262
,,,,,,,,,,,,,65.522266
,,,,,,,,,,,,,66.934089
,,,,,,,,,,,,,68.598023
,,,,,,,,,,,,,68.598023
,,,,,,,,,,,,,68.144223
,,,,,,,,,,,,,68.598023
,,,,,,,,,,,,,69.216842
,,,,,,,,,,,,,68.776793
,,,,,,,,,,,,,67.808686
,,,,,,,,,,,,,67.445646
,,,,,,,,,,,,,68.534766
,,,,,,,,,,,,,69.260847
,,,,,,,,,,,,,67.808686
,,,,,,,,,,,,,67.929699
,,,,,,,,,,,,,68.36189
,,,,,,,,,,,,,68.36189
,,,,,,,,,,,,,69.744901
,,,,,,,,,,,,,70.609282
,,,,,,,,,,,,,70.868597
,,,,,,,,,,,,,70.868597
,,,,,,,,,,,,,71.322397
,,,,,,,,,,,,,71.776197
,,,,,,,,,,,,,71.776197
,,,,,,,,,,,,,70.767752
,,,,,,,,,,,,,70.018621
,,,,,,,,,,,,,70.479625
,,,,,,,,,,,,,70.318274
,,,,,,,,,,,,,69.17729
,,,,,,,,,,,,,69.004414
,,,,,,,,,,,,,70.698602
,,,,,,,,,,,,,72.090256
,,,,,,,,,,,,,72.392789
,,,,,,,,,,,,,72.594479
,,,,,,,,,,,,,73.159208
,,,,,,,,,,,,,73.824782
,,,,,,,,,,,,,73.868001
,,,,,,,,,,,,,74.433778
,,,,,,,,,,,,,76.469003
,,,,,,,,,,,,,77.679138
